<?xml version="1.0" encoding="UTF-8"?>
<!DOCTYPE hibernate-mapping PUBLIC
	"-//Hibernate/Hibernate Mapping DTD 3.0//EN"
	"http://hibernate.sourceforge.net/hibernate-mapping-3.0.dtd">
<hibernate-mapping>
	<class name="com.orm.model.Employee" table="Employee">
		<id name="empno" type="long" column="empno">
			<generator class="native" />
		</id>
		<property name="ename" type="string" column="cename"
			not-null="true" />
		<property name="job" type="string" column="cjob" not-null="true" />
		<property name="sal" type="integer" column="csal" not-null="true" />
		<property name="deptno" type="integer" column="cdeptno"
			not-null="true"  />
	</class>
</hibernate-mapping>