<?xml version="1.0" encoding="UTF-8"?>
<beans xmlns="http://www.springframework.org/schema/beans"
    xmlns:xsi="http://www.w3.org/2001/XMLSchema-instance"
    xsi:schemaLocation="http://www.springframework.org/schema/beans http://www.springframework.org/schema/beans/spring-beans-4.0.xsd">

	<bean id="callBean" class="com.spring4.domain.CallImpl"></bean>
	<bean id="messageBean" class="com.spring4.domain.MessageImplEmoticons"></bean>
	<bean id="communicationBean" class="com.spring4.domain.Communication">
		<!-- <constructor-arg> <ref bean="messageBean"/> </constructor-arg> -->
		<property name="message">
			<ref bean="messageBean" />
		</property>
	</bean>
</beans>
