<?xml version="1.0" encoding="UTF-8"?>
<!DOCTYPE hibernate-configuration PUBLIC
		"-//Hibernate/Hibernate Configuration DTD 3.0//EN"
		"http://hibernate.sourceforge.net/hibernate-configuration-3.0.dtd">
<hibernate-configuration>
	<session-factory>
		<property name="hibernate.connection.driver_class">oracle.jdbc.OracleDriver</property>
		<property name="hibernate.connection.url">jdbc:oracle:thin:@localhost:1521:xe</property>
		<property name="hibernate.connection.username">hr</property>
		<property name="hibernate.connection.password">pass</property>
		<property name="hibernate.dialect">org.hibernate.dialect.OracleDialect</property>
		<property name="show_sql">true</property>
        <property name="hbm2ddl.auto">update</property>
        <mapping resource="Employee.hbm.xml"/>
	</session-factory>
</hibernate-configuration>
		